426378c11bda9c29418fdd1ea5712524.jpg		https://i.pinimg.com/474x/42/63/78/426378c11bda9c29418fdd1ea5712524.jpg
a28c665bb6a531982627e2574f6a3d2a.jpg		https://i.pinimg.com/474x/a2/8c/66/a28c665bb6a531982627e2574f6a3d2a.jpg
d2631dc5bac14e1cc18078a042a7d09d.jpg		https://i.pinimg.com/474x/d2/63/1d/d2631dc5bac14e1cc18078a042a7d09d.jpg
efc2fd2fec958a4e0e614e3e4b61bfe1.jpg		https://i.pinimg.com/474x/ef/c2/fd/efc2fd2fec958a4e0e614e3e4b61bfe1.jpg
50b0bd2dcab47806fc4a93486426432d.jpg		https://i.pinimg.com/474x/50/b0/bd/50b0bd2dcab47806fc4a93486426432d.jpg
9fa20982a6eb19ad2715129afdc57f4b.jpg		https://i.pinimg.com/474x/9f/a2/09/9fa20982a6eb19ad2715129afdc57f4b.jpg
d4f90ea39d5e2252cff9a6942caa3ded.jpg		https://i.pinimg.com/474x/d4/f9/0e/d4f90ea39d5e2252cff9a6942caa3ded.jpg
ef3f4272af73ff1c9d8a3a43d8bd1c14.jpg		https://i.pinimg.com/474x/ef/3f/42/ef3f4272af73ff1c9d8a3a43d8bd1c14.jpg
39ac3eb525c646b5e0872ee14ac9ce0c.jpg		https://i.pinimg.com/474x/39/ac/3e/39ac3eb525c646b5e0872ee14ac9ce0c.jpg
c66887e81347086ca6032a78532c90ea.jpg		https://i.pinimg.com/474x/c6/68/87/c66887e81347086ca6032a78532c90ea.jpg
