bearded_lizard.webp		https://uniquepetswiki.com/ezoimgfmt/media-public.canva.com/MADesPEtEOk/1/thumbnail_large.jpg?ezimgfmt=rs:550x367/rscb9/ng:webp/ngcb9
Bearded_dragons.webp		https://uniquepetswiki.com/ezoimgfmt/media-public.canva.com/ZZR3Y/MADyRhZZR3Y/1/tl.jpg?ezimgfmt=rs:550x367/rscb9/ng:webp/ngcb9
Day_Gecko.webp		https://uniquepetswiki.com/ezoimgfmt/media-public.canva.com/3Qfdo/MAEEwG3Qfdo/1/tl.jpg?ezimgfmt=rs:550x367/rscb9/ng:webp/ngcb9
Panther_Chameleon.webp		https://uniquepetswiki.com/ezoimgfmt/media-public.canva.com/MAC5wU6J7xM/1/thumbnail_large-1.jpg?ezimgfmt=rs:550x362/rscb9/ng:webp/ngcb9
Leopard_gecko.webp		https://uniquepetswiki.com/ezoimgfmt/media-public.canva.com/MAC4369I0Gg/1/thumbnail_large-1.jpg?ezimgfmt=rs:550x367/rscb9/ng:webp/ngcb9
Chinese_water_Dragon.webp		https://uniquepetswiki.com/ezoimgfmt/media-public.canva.com/MAC5RmZt_rU/1/thumbnail_large-1.jpg?ezimgfmt=rs:550x367/rscb9/ng:webp/ngcb9
African_fat_Tail_gecko.webp		https://uniquepetswiki.com/ezoimgfmt/media-public.canva.com/syWZA/MAEEJ-syWZA/1/tl.jpg?ezimgfmt=rs:550x367/rscb9/ng:webp/ngcb9
Crested_Gecko.webp		https://uniquepetswiki.com/ezoimgfmt/media-public.canva.com/MAA31w7tU_0/1/thumbnail_large-1.jpg?ezimgfmt=rs:550x365/rscb9/ng:webp/ngcb9
75b2ad7bb988113854157075d9281d4a.jpg		https://i.pinimg.com/474x/75/b2/ad/75b2ad7bb988113854157075d9281d4a.jpg
714adb9ed343b1d2914f1032500533ea.jpg		https://i.pinimg.com/474x/71/4a/db/714adb9ed343b1d2914f1032500533ea.jpg
d94de6ab666e74a4561366a828740b0b.jpg		https://i.pinimg.com/474x/d9/4d/e6/d94de6ab666e74a4561366a828740b0b.jpg
9d7f0582f7df83c36fc4d379a899ef58.jpg		https://i.pinimg.com/474x/9d/7f/05/9d7f0582f7df83c36fc4d379a899ef58.jpg
8e7c9f960e9ac2ff130aea4945e82176.jpg		https://i.pinimg.com/474x/8e/7c/9f/8e7c9f960e9ac2ff130aea4945e82176.jpg
124ac534114275bf6ccbcab15eebde1e.jpg		https://i.pinimg.com/474x/12/4a/c5/124ac534114275bf6ccbcab15eebde1e.jpg
6f72ecfbd3a9fc72ce04e4bfee052953.jpg		https://i.pinimg.com/474x/6f/72/ec/6f72ecfbd3a9fc72ce04e4bfee052953.jpg
79aeff2eef042bccb1f24dac2d0439a8.jpg		https://i.pinimg.com/474x/79/ae/ff/79aeff2eef042bccb1f24dac2d0439a8.jpg
6433efbd0d9b0295cb905d0499a40ee7.jpg		https://i.pinimg.com/474x/64/33/ef/6433efbd0d9b0295cb905d0499a40ee7.jpg
e2759f88ac64b1cd2e11f3b08170fff6.jpg		https://i.pinimg.com/474x/e2/75/9f/e2759f88ac64b1cd2e11f3b08170fff6.jpg
99adb4ff34808a625cb77857dc553975.jpg		https://i.pinimg.com/474x/99/ad/b4/99adb4ff34808a625cb77857dc553975.jpg
gettyimages-653904254-612x612.jpg		https://media.gettyimages.com/photos/lizard-on-a-push-scooter-with-blue-hat-on-head-picture-id653904254?k=6&m=653904254&s=612x612&w=0&h=-YsIl66UaDQ9Pn7FwyesgGSUOY_BGcRiUqDoVDuiHj0=
gettyimages-653904282-612x612.jpg		https://media.gettyimages.com/photos/myopic-animal-with-glasses-because-he-sees-wrong-picture-id653904282?k=6&m=653904282&s=612x612&w=0&h=JhAcXhf7ay2jcz53mF9kyWc0NT2mWzf7lDIOfoYY-AM=
Crested_Gecko_2.webp		https://www.thesprucepets.com/thmb/OthvAz-n1NUrN23GWaHmd5LV0r4=/1080x0/filters:no_upscale():max_bytes(150000):strip_icc():format(webp)/19744i650453198D28FD08-5af06caf119fa80037a6ecf6.jpg
Central-American-Banded-Gecko.jpg		https://reptile.guide/wp-content/uploads/2020/11/Central-American-Banded-Gecko.jpg
African-Fire-Skink.jpg		https://reptile.guide/wp-content/uploads/2020/11/African-Fire-Skink.jpg
