cute-bunnies-28__605.jpg		https://static.boredpanda.com/blog/wp-content/uploads/2015/09/cute-bunnies-28__605.jpg
cute-bunnies-24__605.jpg		https://static.boredpanda.com/blog/wp-content/uploads/2015/09/cute-bunnies-24__605.jpg
cute-bunnies-102__605.jpg		https://static.boredpanda.com/blog/wp-content/uploads/2015/09/cute-bunnies-102__605.jpg
cute-bunnies-105__605.jpg		https://static.boredpanda.com/blog/wp-content/uploads/2015/09/cute-bunnies-105__605.jpg
XX-Cutest-Bunnies__605.jpg		https://static.boredpanda.com/blog/wp-content/uploads/2015/09/XX-Cutest-Bunnies__605.jpg
XX-Cutest-Bunnies1__605.jpg		https://static.boredpanda.com/blog/wp-content/uploads/2015/09/XX-Cutest-Bunnies1__605.jpg
image117__605.jpg		https://static.boredpanda.com/blog/wp-content/uploads/2015/09/image117__605.jpeg
XX-Cutest-Bunnies4__605.jpg		https://static.boredpanda.com/blog/wp-content/uploads/2015/09/XX-Cutest-Bunnies4__605.jpg
cute-bunnies-18__605.jpg		https://static.boredpanda.com/blog/wp-content/uploads/2015/09/cute-bunnies-18__605.jpg
39700-Roborovski-Hamster-with-cute-baby-bunnies-white-background__605.jpg		https://static.boredpanda.com/blog/wp-content/uploads/2015/09/39700-Roborovski-Hamster-with-cute-baby-bunnies-white-background__605.jpg
n4sh9vbwwpxi4vt9950o__605.jpg		https://static.boredpanda.com/blog/wp-content/uploads/2015/09/n4sh9vbwwpxi4vt9950o__605.jpg
momy_bunny_with_little_bunnies__605.jpg		https://static.boredpanda.com/blog/wp-content/uploads/2015/09/momy_bunny_with_little_bunnies__605.jpg
1420788253fec8b1960bda3e035bd7ac.jpg		https://i.pinimg.com/474x/14/20/78/1420788253fec8b1960bda3e035bd7ac.jpg
2b7893e97420817279e7dd20f29576dd.jpg		https://i.pinimg.com/474x/2b/78/93/2b7893e97420817279e7dd20f29576dd.jpg
ef7a21ccc21ea093c4a5a2329cbe6e44.jpg		https://i.pinimg.com/474x/ef/7a/21/ef7a21ccc21ea093c4a5a2329cbe6e44.jpg
