43cdbfa21eb823b2337a0153f02cd8dd.jpg		https://i.pinimg.com/474x/43/cd/bf/43cdbfa21eb823b2337a0153f02cd8dd.jpg
bcf7af3d03b74f052f1d2bab99c2498c.jpg		https://i.pinimg.com/474x/bc/f7/af/bcf7af3d03b74f052f1d2bab99c2498c.jpg
76029c77aab52afe02d7b69420ba418d.jpg		https://i.pinimg.com/474x/76/02/9c/76029c77aab52afe02d7b69420ba418d.jpg
Gothic_Goat.jpg		https://i.pinimg.com/474x/74/86/2f/74862f19fa349903193ee78c6dd5ea0a.jpg
Goat_and_pumpkin.jpg		https://i.pinimg.com/474x/a4/a4/c8/a4a4c83fe8cebbfabc54e03095f2bd80.jpg
101_goat.jpg		https://i.pinimg.com/474x/a8/bc/62/a8bc62253090206379005f989a222039.jpg
ec9229c130638143046c67ba98a82d45.jpg		https://i.pinimg.com/474x/ec/92/29/ec9229c130638143046c67ba98a82d45.jpg
Goat_climbing_stairs.jpg		https://media.gettyimages.com/photos/whole-body-view-of-a-newborn-baby-goat-in-a-pen-picture-id1199492038?k=6&m=1199492038&s=612x612&w=0&h=wg0wwCBM0nIuVLvYahlcJnsX7Rv_fgLN5gdINB1me3E=
Mountain_goat.jpg		https://media.gettyimages.com/photos/hispanic-ibex-at-el-torcal-de-antequera-picture-id1196850934?k=6&m=1196850934&s=612x612&w=0&h=qx1gyiiU3d50RIgbgIRDqITNRrrcUFnfGoGRqxWbGFA=
siamese_goat.jpg		https://media.gettyimages.com/photos/twin-mountain-goats-on-mt-evans-colorado-rocky-mountains-picture-id1198347530?k=6&m=1198347530&s=612x612&w=0&h=RxNI7v4smpSdGe5AksO6XunFIzAV1nrYW3_Ti7Nylbg=
two-white-goat-kids-mini-goats-px-Feature.jpg		https://46yxb83hlyy77jig73dh02ok-wpengine.netdna-ssl.com/wp-content/uploads/2016/03/two-white-goat-kids-mini-goats-px-Feature.jpg
sassy_goat.jpg		https://i.pinimg.com/736x/44/91/31/449131cabd0f6c51259cf881355368a1.jpg
goat_meets_poney.jpg		https://66.media.tumblr.com/caea2515203a4ed9d216814f8a996714/tumblr_my6sx4RupU1r7yxrco1_1280.jpg
baby_goats_first_steps.jpg		https://i.pinimg.com/736x/9a/2a/bc/9a2abc396385f7e1eedc27aaf055ab5c.jpg
Munich-Zoo-Baby-Goat.jpg		http://hiddentraveltreasures.com/wp-content/uploads/2011/05/Munich-Zoo-Baby-Goat.jpg
