Parrots_kissing.jpg		http://2.bp.blogspot.com/-hGTthAuao38/TmqhCK0Nh5I/AAAAAAAAGFA/ZNCgY-FIvJ8/s1600/Cute+love+birds+wallpapers.jpg
Blue_Birds_kissing.jpg		http://3.bp.blogspot.com/-zkMzlFo9-CE/UBtixRFP6rI/AAAAAAAAEcc/DtOjuzLnx7Q/s1600/Two+Cute+baby+birds.jpg
ligth_cyan_bird.jpg		http://3.bp.blogspot.com/-hQ6BxUkNieM/UQzqemNBSeI/AAAAAAAAAAM/XKT6l5fYX50/s1600/Beautiful-Colorful-Cute-Birds-Wallpapers.jpeg
Blue_Bird.jpg		http://4.bp.blogspot.com/-5NcmsdIgZLo/UWE46ewBJmI/AAAAAAAAAaU/4x-8SZu80VA/s1600/cute+blue+bird+pic.jpg
Purple_and_blue_bird.jpg		https://eskipaper.com/images/cute-birds-5.jpg
Purple_yellow_red_bird.jpg		http://1.bp.blogspot.com/-IdcVQaLy9jU/Vbdr5OPpaFI/AAAAAAAABGQ/BuS7uttK7SA/s1600/urlr.jpg
Familly_of_grey_birds.jpg		https://images.saymedia-content.com/.image/t_share/MTc2MjkxMzUzNTI4NTc1MTY2/-cute-tiny-birds.jpg
Eurasian_wren.webp		https://www.thoughtco.com/thmb/DOvgmFY_4EO7qO_iDKg_xB5oDC8=/1500x0/filters:no_upscale():max_bytes(150000):strip_icc():format(webp)/GettyImages-128105870-589cfe9f5f9b58819c7385d1.jpg
black_capped_chickadee.webp		https://www.thoughtco.com/thmb/jJ3n5zgCH_7HZyL2ZYnt0wlij8Q=/1500x0/filters:no_upscale():max_bytes(150000):strip_icc():format(webp)/GettyImages-519514461-589cfe973df78c4758791323.jpg
blue_footed_booby.webp		https://www.thoughtco.com/thmb/ndpFLffRql1KvI5LHys_S2UBiOQ=/1500x0/filters:no_upscale():max_bytes(150000):strip_icc():format(webp)/GettyImages-156533653-589cfe873df78c4758791154.jpg
Crimson_Chat_1.jpg		https://earthnworld.com/wp-content/uploads/2017/05/Crimson-Chat-1.jpg
Tropical_Parula_1.jpg		https://earthnworld.com/wp-content/uploads/2017/05/Tropical-Parula-1.jpg
Bananaquit_1.jpg		https://earthnworld.com/wp-content/uploads/2017/05/Bananaquit-1.jpg
Goldcrest_1.jpg		https://earthnworld.com/wp-content/uploads/2017/05/Goldcrest-1.jpg
Wood_piquer.jpg		https://media.gettyimages.com/photos/great-spotted-woodpecker-picture-id1084721366?k=6&m=1084721366&s=612x612&w=0&h=_DpXc_wqyUh6R0tahBigHi_Y1-9F7al_73Hd6Pbsdqo=
Hidding_bird.jpg		https://media.gettyimages.com/photos/tropical-bird-amongst-pink-flowers-picture-id699618746?k=6&m=699618746&s=612x612&w=0&h=wiwmTOk4TokJQ4njWgRTZlks_7U0cmPRZX9ghlLtg7c=
Kissing_owls.jpg		https://media.gettyimages.com/photos/burrowing-owl-peck-picture-id1170209106?k=6&m=1170209106&s=612x612&w=0&h=MSHZNTZbOOo0b9Vkt5rY9Uz_So3aJRaULX2bhS8RbB0=
What_yee_looking_at.jpg		https://media.gettyimages.com/photos/red-tailed-black-cockatoo-picture-id1165028488?k=6&m=1165028488&s=612x612&w=0&h=tFOoSQ4G_N3x9unGoz0S5DnKRxGmeoCVDr24NoTbzhE=
Bird_and_cat.jpg		https://media.gettyimages.com/photos/kitten-and-duckling-studio-shot-picture-id109433951?k=6&m=109433951&s=612x612&w=0&h=-2rDcS4fYTjGQ3MQA23T3b26V0QobJZWaaydBa7jxV4=
Blue_Bird_on_a_stick.jpg		https://media.gettyimages.com/photos/adorable-bluebird-perched-on-reed-picture-id1205510715?k=6&m=1205510715&s=612x612&w=0&h=jTuZZUOes0YsJongLirKmjY_ZIEAvZmD2EfDlSZJ5HY=
White_duck.jpg		https://media.gettyimages.com/photos/young-mute-swan-sitting-on-adult-swans-back-rooksbury-mill-andover-picture-id973924230?k=6&m=973924230&s=612x612&w=0&h=hDjIUDj0vd1_r6n4GrePN-WYDAMtyAeAe8qZp_ycXx0=
