fish_big_eyes.jpg		https://media.gettyimages.com/photos/front-on-goldfish-with-black-background-picture-id1050490488?k=6&m=1050490488&s=612x612&w=0&h=zlbNZuosoglRy2QqXoD7lMXYe3PAA7xZD94OCPCnuFg=
clown_fish.jpg		https://media.gettyimages.com/photos/ocellaris-clownfish-among-the-tentacles-of-a-magnificent-anemone-picture-id654761612?k=6&m=654761612&s=612x612&w=0&h=5WpFSvSkgihBbL2g3btd17Tt_9TkWzhImQSIhh2ffss=
gettyimages-873235246-612x612.jpg		https://media.gettyimages.com/photos/blood-parrot-cichlid-picture-id873235246?k=6&m=873235246&s=612x612&w=0&h=PTLCg0ZBdECQXO4ncCvxl4WmNbXd4CIcGuNdxrR1X8E=
axolotl.webp		https://www.thesprucepets.com/thmb/G6eiK2bgeOy_jDFu6D03lvNjyQ4=/700x0/filters:no_upscale():max_bytes(150000):strip_icc():format(webp)/step_1-axolotl-596f7157c412440010201a08.jpg
seahorse.webp		https://www.thesprucepets.com/thmb/sX2lQi9RmVFQjubsQP0l6Jie_9Y=/1280x0/filters:no_upscale():max_bytes(150000):strip_icc():format(webp)/step_3-seahorse-596f71cb68e1a200114308a0.JPG
octopus.webp		https://www.thesprucepets.com/thmb/IFNNEPlJWn_aRfZrlfexM6Cczik=/1024x0/filters:no_upscale():max_bytes(150000):strip_icc():format(webp)/step_5-octopus-596f72e2519de200110258ce.jpg
pufferfish.webp		https://www.thesprucepets.com/thmb/AYuETDYQ16_ABn9FUCv3qopY8T8=/1280x0/filters:no_upscale():max_bytes(150000):strip_icc():format(webp)/step_7-pufferfish-596f732b6f53ba0011f517a1.JPG
Threadfin-Butterflyfish.webp		https://www.fishkeepingworld.com/wp-content/uploads/2018/12/Threadfin-Butterflyfish.jpg?ezimgfmt=ng:webp/ngcb1
Mandarin_fish.webp		https://www.fishkeepingworld.com/wp-content/uploads/2018/12/Mandarinfish.jpg?ezimgfmt=ng:webp/ngcb1
Juvenile-Emperor-Angelfish.webp		https://www.fishkeepingworld.com/wp-content/uploads/2018/12/Juvenile-Emperor-Angelfish.jpg?ezimgfmt=ng:webp/ngcb1
Clown-Triggerfish.webp		https://www.fishkeepingworld.com/wp-content/uploads/2018/12/Clown-Triggerfish.jpg?ezimgfmt=ng:webp/ngcb1
Regal-Tang.webp		https://www.fishkeepingworld.com/wp-content/uploads/2018/12/Regal-Tang.jpg?ezimgfmt=ng:webp/ngcb1
French-Angelfish.webp		https://www.fishkeepingworld.com/wp-content/uploads/2018/12/French-Angelfish.jpg?ezimgfmt=ng:webp/ngcb1
Lionfish.webp		https://www.fishkeepingworld.com/wp-content/uploads/2018/12/Lionfish.jpg?ezimgfmt=ng:webp/ngcb1
Picasso-Triggerfish.webp		https://www.fishkeepingworld.com/wp-content/uploads/2018/12/Picasso-Triggerfish.jpg?ezimgfmt=ng:webp/ngcb1
Flame-Angelfish.webp		https://www.fishkeepingworld.com/wp-content/uploads/2018/12/Flame-Angelfish.jpg?ezimgfmt=ng:webp/ngcb1
Banggai-Cardinalfish.webp		https://www.fishkeepingworld.com/wp-content/uploads/2018/12/Banggai-Cardinalfish.jpg?ezimgfmt=ng:webp/ngcb1
puffer_fish.jpg		https://i.pinimg.com/474x/83/90/06/83900685e43360f0bb2c12b048301a84.jpg
