fa51b13f0e5c5d6a0b8903c0dbe13bca.jpg		https://i.pinimg.com/474x/fa/51/b1/fa51b13f0e5c5d6a0b8903c0dbe13bca.jpg
21ae36b9ad2c9d7acc1171646e13a474.jpg		https://i.pinimg.com/474x/21/ae/36/21ae36b9ad2c9d7acc1171646e13a474.jpg
983ca67939d1f5fa672bffbcf6d549ce.jpg		https://i.pinimg.com/474x/98/3c/a6/983ca67939d1f5fa672bffbcf6d549ce.jpg
b2e3e21822980ca97209f1ae196ec702.jpg		https://i.pinimg.com/474x/b2/e3/e2/b2e3e21822980ca97209f1ae196ec702.jpg
eca90ddc1fe6b38c20d9f2866ae776b4.jpg		https://i.pinimg.com/474x/ec/a9/0d/eca90ddc1fe6b38c20d9f2866ae776b4.jpg
6422fe58835afba3e33f111e8d4c60e8.jpg		https://i.pinimg.com/474x/64/22/fe/6422fe58835afba3e33f111e8d4c60e8.jpg
8493516201283126e64aaa46385ea53e.jpg		https://i.pinimg.com/474x/84/93/51/8493516201283126e64aaa46385ea53e.jpg
5ccb142c147041b816482b63679003ca.jpg		https://i.pinimg.com/474x/5c/cb/14/5ccb142c147041b816482b63679003ca.jpg
a7e0556b08e5592bb2dfe2ca01bc8d92.jpg		https://i.pinimg.com/474x/a7/e0/55/a7e0556b08e5592bb2dfe2ca01bc8d92.jpg
mississippi-mud-turtle.jpg		https://reptile.guide/wp-content/uploads/2020/04/mississippi-mud-turtle.jpg
Common-musk-turtle.jpg		https://reptile.guide/wp-content/uploads/2020/04/Common-musk-turtle.jpg
michigan-spotted-turtle-.jpg		https://reptile.guide/wp-content/uploads/2020/04/michigan-spotted-turtle-.jpg
Diamondback-Terrapin.jpg		https://reptile.guide/wp-content/uploads/2021/01/Diamondback-Terrapin.jpg
a34322328e56bbdded8a0329c286bf4b.jpg		https://i.pinimg.com/474x/a3/43/22/a34322328e56bbdded8a0329c286bf4b.jpg
efe04328ce16994219e821be1010e1d4.jpg		https://i.pinimg.com/474x/ef/e0/43/efe04328ce16994219e821be1010e1d4.jpg
Red-bellied-short-necked-turtle-1024x640.webp		https://uniquepetswiki.com/ezoimgfmt/uniquepetswiki.s3.us-west-1.amazonaws.com/wp-content/uploads/2020/01/Red-bellied-short-necked-turtle-1024x640.jpg?ezimgfmt=rs:561x351/rscb9/ng:webp/ngcb9
Caspian-Pond-Turtles.webp		https://uniquepetswiki.com/ezoimgfmt/uniquepetswiki.s3.us-west-1.amazonaws.com/wp-content/uploads/2020/05/Caspian-Pond-Turtles.jpg?ezimgfmt=ng:webp/ngcb9
