560d56eb842d12346df8a8b003d9f248.jpg		https://i.pinimg.com/474x/56/0d/56/560d56eb842d12346df8a8b003d9f248.jpg
4ed2e8032beabfc310bd6d45af1fcf58.jpg		https://i.pinimg.com/474x/4e/d2/e8/4ed2e8032beabfc310bd6d45af1fcf58.jpg
96a064ffc99bef977bc47104c21cf48b.jpg		https://i.pinimg.com/474x/96/a0/64/96a064ffc99bef977bc47104c21cf48b.jpg
95d05065678e3270e597c811374764ce.jpg		https://i.pinimg.com/474x/95/d0/50/95d05065678e3270e597c811374764ce.jpg
04ca5227967dfbc275e3756b2059427b.jpg		https://i.pinimg.com/474x/04/ca/52/04ca5227967dfbc275e3756b2059427b.jpg
ecb4041750182f204b18c0e571cf2ca4.jpg		https://i.pinimg.com/474x/ec/b4/04/ecb4041750182f204b18c0e571cf2ca4.jpg
fbe7b43f9e95f9c86bc7d93a98f2e775.jpg		https://i.pinimg.com/474x/fb/e7/b4/fbe7b43f9e95f9c86bc7d93a98f2e775.jpg
8a0d1d364390cd2be282aeb3c625869c.jpg		https://i.pinimg.com/474x/8a/0d/1d/8a0d1d364390cd2be282aeb3c625869c.jpg
d40eacfdd3fd57e3b6ee0990f4cc4420.jpg		https://i.pinimg.com/474x/d4/0e/ac/d40eacfdd3fd57e3b6ee0990f4cc4420.jpg
fa0edca3d371ca5b746ca272825b9767.jpg		https://i.pinimg.com/474x/fa/0e/dc/fa0edca3d371ca5b746ca272825b9767.jpg
52b1e17d6c2cbcd3f8efbf65397237fe.jpg		https://i.pinimg.com/474x/52/b1/e1/52b1e17d6c2cbcd3f8efbf65397237fe.jpg
d29a0859cc8df2dbabee1b3ac2d8386f.jpg		https://i.pinimg.com/474x/d2/9a/08/d29a0859cc8df2dbabee1b3ac2d8386f.jpg
8101d6ff4ee5a8bd3125cea47da82e38.jpg		https://i.pinimg.com/474x/81/01/d6/8101d6ff4ee5a8bd3125cea47da82e38.jpg
49b1fadc7012b9904e9e014227716161.jpg		https://i.pinimg.com/474x/49/b1/fa/49b1fadc7012b9904e9e014227716161.jpg
ea9b527c253560937743f73cff0e49a2.jpg		https://i.pinimg.com/474x/ea/9b/52/ea9b527c253560937743f73cff0e49a2.jpg
b650e6c9f3285bd9122abbc1f7fa3759.jpg		https://i.pinimg.com/474x/b6/50/e6/b650e6c9f3285bd9122abbc1f7fa3759.jpg
7679e3bf0cb20153cdabd59dac429902.jpg		https://i.pinimg.com/474x/76/79/e3/7679e3bf0cb20153cdabd59dac429902.jpg
615f41d749b26b6ffa0a2003d9053778.jpg		https://i.pinimg.com/474x/61/5f/41/615f41d749b26b6ffa0a2003d9053778.jpg
5f15946ff52c1704b7d5a64847c73029.jpg		https://i.pinimg.com/474x/5f/15/94/5f15946ff52c1704b7d5a64847c73029.jpg
62d56314c1ef1794490411a02258d91e.jpg		https://i.pinimg.com/474x/62/d5/63/62d56314c1ef1794490411a02258d91e.jpg
