dog-puppy-on-garden-royalty-free-image-1586966191.jpg		"https://hips.hearstapps.com/hmg-prod.s3.amazonaws.com/images/dog-puppy-on-garden-royalty-free-image-1586966191.jpg?crop=0.752xw:1.00xh;0.175xw,0&resize=640:*"
pembroke-welsh-corgi.jpg		"https://hips.hearstapps.com/ghk.h-cdn.co/assets/17/30/pembroke-welsh-corgi.jpg?crop=1xw:0.9997114829774957xh;center,top&resize=768:*"
australian-shepherd.jpg		https://hips.hearstapps.com/ghk.h-cdn.co/assets/17/30/2560x3839/australian-shepherd.jpg?resize=768:*
Beagle.jpg		"https://hips.hearstapps.com/ghk.h-cdn.co/assets/16/08/gettyimages-462376265.jpg?crop=1.0xw:1xh;center,top&resize=768:*"
Yorkshire_Terrier.jpg		https://hips.hearstapps.com/ghk.h-cdn.co/assets/16/08/1280x1919/gettyimages-179494696.jpg?resize=768:*
Golden_Retriever.jpg		"https://hips.hearstapps.com/ghk.h-cdn.co/assets/16/08/gettyimages-147786673.jpg?crop=0.4444444444444445xw:1xh;center,top&resize=768:*"
English_setter.jpg		https://hips.hearstapps.com/ghk.h-cdn.co/assets/17/30/1280x1919/gallery-gettyimages-485681215.jpg?resize=768:*
dalmatian.jpg		"https://hips.hearstapps.com/ghk.h-cdn.co/assets/17/30/dalmatian.jpg?crop=1.0xw:1xh;center,top&resize=768:*"
labrador-retriever.jpg		https://hips.hearstapps.com/ghk.h-cdn.co/assets/17/40/3200x4799/labrador-retriever.jpg?resize=768:*
pug-690566__340.webp		https://cdn.pixabay.com/photo/2015/03/26/09/54/pug-690566__340.jpg
almost_a_bear.webp		https://cdn.pixabay.com/photo/2016/03/09/15/21/dog-1246610__480.jpg
black_dog.webp		https://cdn.pixabay.com/photo/2018/03/06/20/25/dog-3204497_1280.jpg
smiling_dog.jpg		https://www.rd.com/wp-content/uploads/2020/06/GettyImages-185330333-edit.jpg?resize=1536,1024
puppy_beagle.jpg		https://www.rd.com/wp-content/uploads/2019/01/shutterstock_123087826-e1548785863702.jpg?w=870
puppy_siberian_husky.jpg		https://www.rd.com/wp-content/uploads/2019/01/shutterstock_610222331-e1548785987567.jpg?w=785
Brittany.jpg		https://www.rd.com/wp-content/uploads/2019/01/puppy-of-epagneul-breton-brittany-dog-e1548786282413.jpg?w=765
Maltese.jpg		https://www.rd.com/wp-content/uploads/2019/01/shutterstock_1066965305.jpg?w=1000
Miniature_American.jpg		https://www.rd.com/wp-content/uploads/2019/01/shutterstock_754668052-e1611170067584.jpg?w=1000
Bassett_hound.jpg		https://www.rd.com/wp-content/uploads/2019/01/shutterstock_1106746919.jpg?w=1000
Shiba_Inu.jpg		https://www.rd.com/wp-content/uploads/2019/01/shutterstock_409275778-e1548786643764.jpg?w=772
Boston_terrier.jpg		https://earthnworld.com/wp-content/uploads/2018/05/Cavalier-King-Charles-Spaniel-min.jpg
Papillon-dog-min.jpg		https://earthnworld.com/wp-content/uploads/2018/05/Papillon-dog-min.jpg
Pekingese-min.jpg		https://earthnworld.com/wp-content/uploads/2018/05/Pekingese-min.jpg
Hunter_dog.jpg		https://media.gettyimages.com/photos/cute-miniature-pinscher-dog-picture-id675620796?k=6&m=675620796&s=612x612&w=0&h=B97or6Qj7bDwocNFUYIaYWke4l1aYKDf69Ojfa-qzkw=
