cute-hamsters-1__880.jpg		https://static.boredpanda.com/blog/wp-content/uploads/2015/09/cute-hamsters-1__880.jpg
cute-hamsters-54__880.jpg		https://static.boredpanda.com/blog/wp-content/uploads/2015/09/cute-hamsters-54__880.jpg
cute-hamsters-4__880.jpg		https://static.boredpanda.com/blog/wp-content/uploads/2015/09/cute-hamsters-4__880.jpg
cute-hamsters-6__880.jpg		https://static.boredpanda.com/blog/wp-content/uploads/2015/09/cute-hamsters-6__880.jpg
cute-hamsters-56__880.jpg		https://static.boredpanda.com/blog/wp-content/uploads/2015/09/cute-hamsters-56__880.jpg
cute-hamsters-7__880.jpg		https://static.boredpanda.com/blog/wp-content/uploads/2015/09/cute-hamsters-7__880.jpg
cute-hamsters-57__880.jpg		https://static.boredpanda.com/blog/wp-content/uploads/2015/09/cute-hamsters-57__880.jpg
cute-hamsters-25__880.jpg		https://static.boredpanda.com/blog/wp-content/uploads/2015/09/cute-hamsters-25__880.jpg
cute-hamsters-34__880.jpg		https://static.boredpanda.com/blog/wp-content/uploads/2015/09/cute-hamsters-34__880.jpg
kukucs__880.jpg		https://static.boredpanda.com/blog/wp-content/uploads/2015/09/kukucs__880.jpg
cutest-hamster-pics-3756__880.jpg		https://static.boredpanda.com/blog/wp-content/uploads/2015/09/cutest-hamster-pics-3756__880.jpg
IMG_20150920_222815764__880.jpg		https://static.boredpanda.com/blog/wp-content/uploads/2015/09/IMG_20150920_222815764__880.jpg
image666__880.jpg		https://static.boredpanda.com/blog/wp-content/uploads/2015/09/image666__880.jpg
ad0399bdfe02ee953642daa92ffcede7.jpg		https://i.pinimg.com/474x/ad/03/99/ad0399bdfe02ee953642daa92ffcede7.jpg
c54a2ff87dbca4abd6746c13e9407412.jpg		https://i.pinimg.com/474x/c5/4a/2f/c54a2ff87dbca4abd6746c13e9407412.jpg
5785146cbfa26434c3e6da8442dfd8b6.jpg		https://i.pinimg.com/474x/57/85/14/5785146cbfa26434c3e6da8442dfd8b6.jpg
Hamster_and_mike.jpg		https://media.gettyimages.com/photos/hamster-with-a-microphone-picture-id1205359984?k=6&m=1205359984&s=612x612&w=0&h=gX0xgyAW86mP-SAxTmfC4K8Hrfcu4jHo5I1IeCq03Dk=
hamster_and_gun.jpg		https://media.gettyimages.com/photos/hamster-with-a-watergun-picture-id1204019523?k=6&m=1204019523&s=612x612&w=0&h=7QxoU5sRMGiaFI79tLLNKM0MwIqn7bUvZ2kLK2kW5pY=
hamster_flag.jpg		https://media.gettyimages.com/photos/hamster-with-a-chequered-flag-picture-id1205334322?k=6&m=1205334322&s=612x612&w=0&h=-2ih31I96m8rziD5O4P1jJT_wftC8YvjiAopFb3vrXo=
