shiny-cute-hognose-snake.webp		https://happyserpent.com/wp-content/uploads/2019/07/shiny-cute-hognose-snake.jpg
hognose-snake-top-hat.webp		https://happyserpent.com/wp-content/uploads/2019/07/hognose-snake-top-hat.jpg
Ball-Python-Cute1.webp		https://happyserpent.com/wp-content/uploads/2019/07/Ball-Python-Cute1.jpg
Albino-ball-python-cute-2.webp		https://happyserpent.com/wp-content/uploads/2019/07/Albino-ball-python-cute-2.jpg
Cute-ablino-ball-python-3.webp		https://happyserpent.com/wp-content/uploads/2019/07/Cute-ablino-ball-python-3.jpg
Cute-Ball-Python-4.webp		https://happyserpent.com/wp-content/uploads/2019/07/Cute-Ball-Python-4.jpg
cute-corn-snake-2.webp		https://happyserpent.com/wp-content/uploads/2019/07/cute-corn-snake-2.jpg
cute-corn-snake-3.webp		https://happyserpent.com/wp-content/uploads/2019/07/cute-corn-snake-3.jpg
cute-corn-snake-4.webp		https://happyserpent.com/wp-content/uploads/2019/07/cute-corn-snake-4.jpg
Snake-in-sweater.webp		https://happyserpent.com/wp-content/uploads/2019/07/Snake-in-sweater.jpg
cute-baby-black-snake.webp		https://happyserpent.com/wp-content/uploads/2019/07/cute-baby-black-snake.jpg
cute-little-green-snake.webp		https://happyserpent.com/wp-content/uploads/2019/07/cute-little-green-snake.jpg
cute-baby-snake5.webp		https://happyserpent.com/wp-content/uploads/2019/07/cute-baby-snake5.jpg
5a01890939db1_JlLIaHI__700.jpg		https://static.boredpanda.com/blog/wp-content/uploads/2017/11/5a01890939db1_JlLIaHI__700.jpg
Garter-Snake.jpg		https://www.everythingreptiles.com/wp-content/uploads/2020/04/Garter-Snake.jpg
Snow-Hognose.jpg		https://www.everythingreptiles.com/wp-content/uploads/2020/11/Snow-Hognose.jpg
snake-group.jpg		https://www.awesomeinventions.com/wp-content/uploads/2015/03/snake-group.jpg
