Ferret-chocolate.jpg		https://beyondthetreat.com/wp-content/uploads/2019/05/Ferret-chocolate.jpg
Cute-baby-ferret-1.jpg		https://beyondthetreat.com/wp-content/uploads/2020/01/Cute-baby-ferret-1.jpg
Cute-baby-ferret-4.jpg		https://beyondthetreat.com/wp-content/uploads/2020/01/Cute-baby-ferret-4.jpg
ferret_familly.jpg		https://beyondthetreat.com/wp-content/uploads/2020/01/Cute-baby-ferret-2.jpg
Cute-ferret-sleeping-3.jpg		https://beyondthetreat.com/wp-content/uploads/2020/01/Cute-ferret-sleeping-3.jpg
Cute-ferrets-playing-1.jpg		https://beyondthetreat.com/wp-content/uploads/2020/01/Cute-ferrets-playing-1.jpg
Cute_ferrets_playing_vet.jpg		https://beyondthetreat.com/wp-content/uploads/2020/01/Cute-ferrets-playing-2.jpg
ferret_in_cupboard.jpg		https://beyondthetreat.com/wp-content/uploads/2020/01/Cute-ferrets-playing-5.jpg
ferret_on_leach.jpg		https://i.pinimg.com/474x/6a/bb/8d/6abb8ddfe607db5d050bcf3f59727893.jpg
ferret_familly_big.jpg		https://www.rd.com/wp-content/uploads/2021/04/GettyImages-1037943068-scaled.jpg?resize=1536,1024
curreled_ferret.jpg		https://www.rd.com/wp-content/uploads/2021/04/GettyImages-1140779573-scaled-e1618494368915.jpg?resize=1536,1536
Ferret_glaring.jpg		https://www.rd.com/wp-content/uploads/2021/04/GettyImages-93210357-scaled.jpg?resize=1536,1536
sleeping_baby_ferret.jpg		https://www.rd.com/wp-content/uploads/2021/04/GettyImages-530490819.jpg?resize=1536,1024
Put_me_on_Instagram.jpg		https://www.rd.com/wp-content/uploads/2021/04/GettyImages-1304745803-scaled.jpg?resize=1536,1013
baby_ferrets_3.jpg		https://www.rd.com/wp-content/uploads/2021/04/GettyImages-179605082.jpg?resize=1536,1024
ferrets_find_me.jpg		https://www.rd.com/wp-content/uploads/2021/04/GettyImages-740622559-scaled.jpg?resize=1536,1020
ferrets_never_stop_working.jpg		https://i.pinimg.com/474x/54/e4/e5/54e4e5940a9328e75559c1a9cf1a76a6.jpg
